sub,seg1_HC,seg1_AD,seg2_HC,seg2_AD,seg3_HC,seg3_AD,seg4_HC,seg4_AD,seg5_HC,seg5_AD,seg6_HC,seg6_AD,seg7_HC,seg7_AD,seg8_HC,seg8_AD,seg9_HC,seg9_AD,seg10_HC,seg10_AD,seg11_HC,seg11_AD,seg12_HC,seg12_AD,seg13_HC,seg13_AD,seg14_HC,seg14_AD,seg15_HC,seg15_AD,seg16_HC,seg16_AD,seg17_HC,seg17_AD,seg18_HC,seg18_AD,seg19_HC,seg19_AD,seg20_HC,seg20_AD,seg21_HC,seg21_AD,seg22_HC,seg22_AD,seg23_HC,seg23_AD,seg24_HC,seg24_AD,seg25_HC,seg25_AD,seg26_HC,seg26_AD,seg27_HC,seg27_AD,seg28_HC,seg28_AD,seg29_HC,seg29_AD,seg30_HC,seg30_AD,seg31_HC,seg31_AD,seg32_HC,seg32_AD,seg33_HC,seg33_AD,seg34_HC,seg34_AD,seg35_HC,seg35_AD,seg36_HC,seg36_AD,seg37_HC,seg37_AD,seg38_HC,seg38_AD,seg39_HC,seg39_AD,seg40_HC,seg40_AD,seg41_HC,seg41_AD,seg42_HC,seg42_AD,seg43_HC,seg43_AD,seg44_HC,seg44_AD,seg45_HC,seg45_AD,seg46_HC,seg46_AD,seg47_HC,seg47_AD,seg48_HC,seg48_AD,seg49_HC,seg49_AD,seg50_HC,seg50_AD,seg51_HC,seg51_AD,seg52_HC,seg52_AD,seg53_HC,seg53_AD,seg54_HC,seg54_AD,seg55_HC,seg55_AD,seg56_HC,seg56_AD,seg57_HC,seg57_AD,seg58_HC,seg58_AD,seg59_HC,seg59_AD,seg60_HC,seg60_AD,seg61_HC,seg61_AD,seg62_HC,seg62_AD,seg63_HC,seg63_AD,seg64_HC,seg64_AD,seg65_HC,seg65_AD,seg66_HC,seg66_AD,seg67_HC,seg67_AD,seg68_HC,seg68_AD,seg69_HC,seg69_AD,seg70_HC,seg70_AD,seg71_HC,seg71_AD,seg72_HC,seg72_AD,seg73_HC,seg73_AD,seg74_HC,seg74_AD,seg75_HC,seg75_AD,seg76_HC,seg76_AD,seg77_HC,seg77_AD,seg78_HC,seg78_AD,seg79_HC,seg79_AD,seg80_HC,seg80_AD,seg81_HC,seg81_AD,seg82_HC,seg82_AD,seg83_HC,seg83_AD,seg84_HC,seg84_AD,seg85_HC,seg85_AD,seg86_HC,seg86_AD,seg87_HC,seg87_AD,seg88_HC,seg88_AD,seg89_HC,seg89_AD,seg90_HC,seg90_AD,seg91_HC,seg91_AD,seg92_HC,seg92_AD,seg93_HC,seg93_AD,seg94_HC,seg94_AD,seg95_HC,seg95_AD,seg96_HC,seg96_AD,seg97_HC,seg97_AD,seg98_HC,seg98_AD,seg99_HC,seg99_AD,seg100_HC,seg100_AD,seg101_HC,seg101_AD,seg102_HC,seg102_AD,seg103_HC,seg103_AD,seg104_HC,seg104_AD,seg105_HC,seg105_AD,seg106_HC,seg106_AD,seg107_HC,seg107_AD,seg108_HC,seg108_AD,seg109_HC,seg109_AD,seg110_HC,seg110_AD,seg111_HC,seg111_AD,seg112_HC,seg112_AD,seg113_HC,seg113_AD,seg114_HC,seg114_AD,seg115_HC,seg115_AD,seg116_HC,seg116_AD,seg117_HC,seg117_AD,seg118_HC,seg118_AD,seg119_HC,seg119_AD,seg120_HC,seg120_AD,seg121_HC,seg121_AD,seg122_HC,seg122_AD,seg123_HC,seg123_AD,seg124_HC,seg124_AD,seg125_HC,seg125_AD,seg126_HC,seg126_AD,seg127_HC,seg127_AD,seg128_HC,seg128_AD,seg129_HC,seg129_AD,seg130_HC,seg130_AD,seg131_HC,seg131_AD,seg132_HC,seg132_AD,seg133_HC,seg133_AD,seg134_HC,seg134_AD,seg135_HC,seg135_AD,seg136_HC,seg136_AD,seg137_HC,seg137_AD,seg138_HC,seg138_AD,seg139_HC,seg139_AD,seg140_HC,seg140_AD,seg141_HC,seg141_AD,seg142_HC,seg142_AD,seg143_HC,seg143_AD,seg144_HC,seg144_AD,seg145_HC,seg145_AD,seg146_HC,seg146_AD,seg147_HC,seg147_AD,seg148_HC,seg148_AD,seg149_HC,seg149_AD,seg150_HC,seg150_AD,seg151_HC,seg151_AD,seg152_HC,seg152_AD,seg153_HC,seg153_AD,seg154_HC,seg154_AD,seg155_HC,seg155_AD,seg156_HC,seg156_AD,seg157_HC,seg157_AD,seg158_HC,seg158_AD,seg159_HC,seg159_AD,seg160_HC,seg160_AD,seg161_HC,seg161_AD,seg162_HC,seg162_AD,seg163_HC,seg163_AD,seg164_HC,seg164_AD,seg165_HC,seg165_AD,seg166_HC,seg166_AD,seg167_HC,seg167_AD,seg168_HC,seg168_AD,seg169_HC,seg169_AD,seg170_HC,seg170_AD,seg171_HC,seg171_AD,seg172_HC,seg172_AD,seg173_HC,seg173_AD,seg174_HC,seg174_AD,seg175_HC,seg175_AD
Sub_001,0.0042,0.9958,0.0012,0.9988,0.0012,0.9988,0.0006,0.9994,0.0111,0.9889,0.0005,0.9995,0.0022,0.9978,0.0022,0.9978,0.0002,0.9998,0.0025,0.9975,0.0026,0.9974,0.0016,0.9984,0.0274,0.9726,0.0009,0.9991,0.0193,0.9807,0.0110,0.9890,0.0069,0.9931,0.0011,0.9989,0.0064,0.9936,0.0118,0.9882,0.0006,0.9994,0.0003,0.9997,0.0006,0.9994,0.0009,0.9991,0.0015,0.9985,0.0053,0.9947,0.0077,0.9923,0.0024,0.9976,0.0006,0.9994,0.0092,0.9908,0.0002,0.9998,0.0002,0.9998,0.0237,0.9763,0.0024,0.9976,0.0045,0.9955,0.0056,0.9944,0.0143,0.9857,0.0029,0.9971,0.0009,0.9991,0.0018,0.9982,0.0024,0.9976,0.0008,0.9992,0.0001,0.9999,0.0002,0.9998,0.0010,0.9990,0.0023,0.9977,0.0024,0.9976,0.0096,0.9904,0.0028,0.9972,0.0026,0.9974,0.0014,0.9986,0.0051,0.9949,0.0006,0.9994,0.0005,0.9995,0.0096,0.9904,0.0008,0.9992,0.0032,0.9968,0.0004,0.9996,0.0009,0.9991,0.0025,0.9975,0.0048,0.9952,0.0007,0.9993,0.0007,0.9993,0.0022,0.9978,0.0037,0.9963,0.0007,0.9993,0.0020,0.9980,0.0022,0.9978,0.0010,0.9990,0.0014,0.9986,0.0024,0.9976,0.0029,0.9971,0.0005,0.9995,0.0002,0.9998,0.0011,0.9989,0.0025,0.9975,0.0004,0.9996,0.0337,0.9663,0.0118,0.9882,0.0003,0.9997,0.0048,0.9952,0.0141,0.9859,0.0023,0.9977,0.0031,0.9969,0.0029,0.9971,0.0006,0.9994,0.0176,0.9824,0.0025,0.9975,0.0071,0.9929,0.0013,0.9987,0.0740,0.9260,0.0150,0.9850,0.0388,0.9612,0.0486,0.9514,0.1114,0.8886,0.0004,0.9996,0.0293,0.9707,0.0105,0.9895,0.0252,0.9748,0.0072,0.9928,0.0028,0.9972,0.0014,0.9986,0.0021,0.9979,0.0021,0.9979,0.0010,0.9990,0.0018,0.9982,0.0644,0.9356,0.0081,0.9919,0.0010,0.9990,0.0013,0.9987,0.0013,0.9987,0.0011,0.9989,0.0018,0.9982,0.0010,0.9990,0.0052,0.9948,0.0015,0.9985,0.0007,0.9993,0.0007,0.9993,0.0116,0.9884,,,,,,,,,,,,,,,,,,,,,,,,,,,,,,,,,,,,,,,,,,,,,,,,,,,,,,,,,,,,,,,,,,,,,,,,,,,,,,,,,,,,,,,,,,,,,,,,,,,,,,,,,,,,,,,,
Sub_004,0.0002,0.9998,0.0007,0.9993,0.0005,0.9995,0.0004,0.9996,0.0145,0.9855,0.0005,0.9995,0.0001,0.9999,0.0000,1.0000,0.0002,0.9998,0.0003,0.9997,0.0005,0.9995,0.0010,0.9990,0.0006,0.9994,0.0001,0.9999,0.0014,0.9986,0.0006,0.9994,0.0103,0.9897,0.0017,0.9983,0.0001,0.9999,0.0046,0.9954,0.0006,0.9994,0.0003,0.9997,0.0001,0.9999,0.0005,0.9995,0.0002,0.9998,0.0002,0.9998,0.0495,0.9505,0.0023,0.9977,0.0008,0.9992,0.0003,0.9997,0.0028,0.9972,0.0040,0.9960,0.0011,0.9989,0.0005,0.9995,0.0236,0.9764,0.0227,0.9773,0.0181,0.9819,0.0437,0.9563,0.0411,0.9589,0.0005,0.9995,0.0195,0.9805,0.0049,0.9951,0.0105,0.9895,0.0027,0.9973,0.0190,0.9810,0.0059,0.9941,0.0082,0.9918,0.0010,0.9990,0.0005,0.9995,0.0020,0.9980,0.0001,0.9999,0.0093,0.9907,0.0114,0.9886,0.0010,0.9990,0.0013,0.9987,0.0000,1.0000,0.0003,0.9997,0.0018,0.9982,0.0009,0.9991,0.0014,0.9986,0.0008,0.9992,0.0141,0.9859,0.0193,0.9807,0.0048,0.9952,0.0015,0.9985,0.0012,0.9988,0.0140,0.9860,0.0002,0.9998,0.0395,0.9605,0.0288,0.9712,0.0125,0.9875,0.0185,0.9815,0.0063,0.9937,0.0016,0.9984,0.0006,0.9994,0.0007,0.9993,0.0000,1.0000,0.0006,0.9994,0.0003,0.9997,0.0005,0.9995,0.0030,0.9970,0.0006,0.9994,0.0001,0.9999,0.0001,0.9999,0.0002,0.9998,0.0000,1.0000,0.0002,0.9998,0.0031,0.9969,0.0000,1.0000,0.0018,0.9982,0.0001,0.9999,0.0015,0.9985,0.0002,0.9998,0.0031,0.9969,0.0024,0.9976,0.0001,0.9999,0.0179,0.9821,0.0005,0.9995,0.0086,0.9914,0.0018,0.9982,0.0018,0.9982,0.0039,0.9961,0.0047,0.9953,0.0134,0.9866,0.0009,0.9991,0.0013,0.9987,0.0002,0.9998,0.0001,0.9999,0.0120,0.9880,0.0071,0.9929,0.0032,0.9968,0.0007,0.9993,0.0002,0.9998,0.0019,0.9981,0.0212,0.9788,0.0287,0.9713,0.0064,0.9936,0.0088,0.9912,0.0076,0.9924,0.0038,0.9962,0.0008,0.9992,0.0000,1.0000,0.0009,0.9991,0.0001,0.9999,0.0001,0.9999,0.0002,0.9998,0.0003,0.9997,0.0004,0.9996,0.0014,0.9986,0.0044,0.9956,0.0008,0.9992,0.0007,0.9993,0.0120,0.9880,0.0954,0.9046,0.0031,0.9969,0.0003,0.9997,0.0019,0.9981,0.0003,0.9997,0.0005,0.9995,0.0023,0.9977,,,,,,,,,,,,,,,,,,,,,,,,,,,,,,,,,,,,,,,,,,,,,,,,,,,,,,,,,,,,,,,,,,,,,,
Sub_006,0.9945,0.0055,0.9683,0.0317,0.9884,0.0116,0.9867,0.0133,0.9924,0.0076,0.9935,0.0065,0.9954,0.0046,0.9870,0.0130,0.9474,0.0526,0.9416,0.0584,0.9700,0.0300,0.7759,0.2241,0.9500,0.0500,0.9045,0.0955,0.9676,0.0324,0.9859,0.0141,0.9909,0.0091,0.7342,0.2658,0.9880,0.0120,0.7214,0.2786,0.8894,0.1106,0.1896,0.8104,0.9732,0.0268,0.7771,0.2229,0.8677,0.1323,0.8940,0.1060,0.8329,0.1671,0.1558,0.8442,0.0262,0.9738,0.0564,0.9436,0.2797,0.7203,0.0522,0.9478,0.9287,0.0713,0.8209,0.1791,0.8713,0.1287,0.9619,0.0381,0.9659,0.0341,0.7175,0.2825,0.9837,0.0163,0.8694,0.1306,0.7609,0.2391,0.9801,0.0199,0.9784,0.0216,0.9024,0.0976,0.9842,0.0158,0.9825,0.0175,0.9593,0.0407,0.9885,0.0115,0.9842,0.0158,0.9289,0.0711,0.8572,0.1428,0.9287,0.0713,0.9612,0.0388,0.9396,0.0604,0.9724,0.0276,0.7481,0.2519,0.9889,0.0111,0.9935,0.0065,0.9072,0.0928,0.7853,0.2147,0.9816,0.0184,0.9910,0.0090,0.9877,0.0123,0.7216,0.2784,0.9789,0.0211,0.9292,0.0708,0.9613,0.0387,0.9125,0.0875,0.9459,0.0541,0.9574,0.0426,0.8418,0.1582,0.7411,0.2589,0.9676,0.0324,0.9674,0.0326,0.9837,0.0163,0.9893,0.0107,0.2978,0.7022,0.9201,0.0799,0.9005,0.0995,0.8688,0.1312,0.9283,0.0717,0.0611,0.9389,0.9225,0.0776,0.9821,0.0179,0.8861,0.1139,0.9161,0.0839,0.2664,0.7336,0.0396,0.9604,0.8384,0.1616,0.9279,0.0721,0.0959,0.9041,0.0016,0.9984,0.0251,0.9749,0.0020,0.9980,0.0384,0.9616,0.0039,0.9961,0.0549,0.9451,0.1020,0.8980,0.9690,0.0310,0.1124,0.8876,0.1483,0.8517,0.1423,0.8577,0.0305,0.9695,0.9597,0.0403,0.9786,0.0214,0.9885,0.0115,0.9659,0.0341,0.9885,0.0115,0.8572,0.1428,,,,,,,,,,,,,,,,,,,,,,,,,,,,,,,,,,,,,,,,,,,,,,,,,,,,,,,,,,,,,,,,,,,,,,,,,,,,,,,,,,,,,,,,,,,,,,,,,,,,,,,,,,,,,,,,,,,,,,,,,,,,,,,,,,,,
Sub_012,0.7938,0.2062,0.9566,0.0434,0.0008,0.9992,0.7465,0.2535,0.9884,0.0116,0.8788,0.1212,0.9709,0.0291,0.7843,0.2157,0.8444,0.1556,0.9288,0.0712,0.9547,0.0453,0.9462,0.0538,0.9784,0.0216,0.8164,0.1836,0.8829,0.1171,0.8466,0.1534,0.9800,0.0200,0.9945,0.0055,0.9477,0.0523,0.9491,0.0509,0.8828,0.1172,0.9692,0.0308,0.9812,0.0188,0.8791,0.1209,0.8193,0.1807,0.8151,0.1849,0.2905,0.7095,0.7004,0.2996,0.8983,0.1017,0.1815,0.8185,0.9018,0.0982,0.7001,0.2999,0.8590,0.1410,0.1900,0.8100,0.2262,0.7738,0.8323,0.1677,0.8581,0.1419,0.2367,0.7633,0.7177,0.2823,0.7981,0.2019,0.9650,0.0350,0.9572,0.0428,0.7385,0.2615,0.7659,0.2341,0.9006,0.0994,0.8052,0.1948,0.9234,0.0766,0.9138,0.0862,0.9383,0.0617,0.9555,0.0445,0.8963,0.1037,0.9436,0.0564,0.9132,0.0868,0.8473,0.1527,0.8417,0.1583,0.9151,0.0849,0.7711,0.2289,0.8580,0.1420,0.9072,0.0928,0.9661,0.0339,0.9595,0.0405,0.9445,0.0555,0.9557,0.0443,0.8872,0.1128,0.8805,0.1195,0.7403,0.2597,0.7919,0.2081,0.8786,0.1214,0.9004,0.0996,0.9055,0.0945,0.8042,0.1958,0.9268,0.0732,0.9093,0.0907,0.7196,0.2804,0.1093,0.8907,0.8376,0.1624,0.0711,0.9289,0.0060,0.9940,0.0990,0.9010,0.1533,0.8467,0.0906,0.9094,0.0522,0.9478,0.0055,0.9945,0.8636,0.1364,0.7621,0.2379,0.9865,0.0135,0.9981,0.0019,0.9934,0.0066,0.9900,0.0100,0.9208,0.0792,0.9929,0.0071,0.9820,0.0180,0.9877,0.0123,0.8602,0.1398,0.9289,0.0711,0.8598,0.1402,0.8689,0.1311,0.7252,0.2748,0.8835,0.1165,0.8013,0.1987,0.9151,0.0849,0.8652,0.1348,0.9840,0.0160,0.9983,0.0017,0.9847,0.0153,0.9362,0.0638,0.8021,0.1979,0.9036,0.0964,0.8351,0.1649,0.7131,0.2869,0.9303,0.0697,0.9884,0.0116,0.8338,0.1662,0.9420,0.0580,0.9933,0.0067,0.9926,0.0074,0.8612,0.1388,0.7021,0.2979,0.8249,0.1751,0.8912,0.1088,0.9430,0.0570,0.8769,0.1231,0.7328,0.2672,0.9461,0.0539,0.8231,0.1769,0.8647,0.1353,0.9027,0.0973,0.7038,0.2962,0.9308,0.0692,0.8879,0.1121,0.8302,0.1698,0.9810,0.0190,0.7931,0.2069,,,,,,,,,,,,,,,,,,,,,,,,,,,,,,,,,,,,,,,,,,,,,,,,,,,,,,,,,,,,,,,,,,,,,,,,,,,,,,,,,,,,
Sub_016,0.2558,0.7442,0.1913,0.8087,0.7861,0.2139,0.0782,0.9218,0.0632,0.9368,0.7475,0.2525,0.0703,0.9297,0.1020,0.8980,0.2740,0.7260,0.1051,0.8949,0.2039,0.7961,0.1939,0.8061,0.1356,0.8644,0.2283,0.7717,0.7803,0.2197,0.0888,0.9112,0.2635,0.7365,0.0038,0.9962,0.1868,0.8132,0.0443,0.9557,0.1896,0.8104,0.0769,0.9231,0.0991,0.9009,0.1176,0.8824,0.1325,0.8675,0.2220,0.7780,0.2252,0.7748,0.0142,0.9858,0.0134,0.9866,0.2047,0.7953,0.0953,0.9047,0.2904,0.7096,0.2390,0.7610,0.0231,0.9769,0.0081,0.9919,0.0806,0.9194,0.1715,0.8285,0.0071,0.9929,0.0770,0.9230,0.0642,0.9358,0.0012,0.9988,0.0032,0.9968,0.1154,0.8846,0.2262,0.7738,0.1492,0.8508,0.2064,0.7936,0.2273,0.7727,0.0919,0.9081,0.2043,0.7957,0.7577,0.2423,0.1156,0.8844,0.1878,0.8122,0.0045,0.9955,0.0366,0.9634,0.0305,0.9695,0.0123,0.9877,0.0509,0.9491,0.0172,0.9828,0.0302,0.9698,0.1548,0.8452,0.1877,0.8123,0.0006,0.9994,0.0047,0.9953,0.0018,0.9982,0.7662,0.2338,0.2044,0.7956,0.0001,0.9999,0.0610,0.9390,0.2029,0.7971,0.0143,0.9857,0.0911,0.9089,0.8355,0.1645,0.0567,0.9433,0.1560,0.8440,0.0182,0.9818,0.0217,0.9783,0.0716,0.9284,0.1055,0.8945,0.0100,0.9900,0.0050,0.9950,0.0588,0.9412,0.0441,0.9559,0.7236,0.2764,0.0677,0.9323,0.0111,0.9889,0.0413,0.9587,0.1106,0.8894,0.0574,0.9426,0.1302,0.8698,0.0470,0.9530,0.1250,0.8750,0.0801,0.9199,0.1931,0.8069,0.0307,0.9693,0.1105,0.8895,0.1838,0.8162,0.0543,0.9457,0.2724,0.7276,0.0584,0.9416,0.1586,0.8414,0.1693,0.8307,0.0621,0.9379,0.0294,0.9706,0.2738,0.7262,0.0078,0.9922,0.2672,0.7328,0.0061,0.9939,0.2417,0.7583,0.0250,0.9750,0.0164,0.9836,0.1483,0.8517,0.0074,0.9926,0.0076,0.9924,0.0370,0.9630,0.0975,0.9025,0.1112,0.8888,0.2260,0.7740,0.0016,0.9984,0.0417,0.9583,0.1500,0.8500,0.0344,0.9656,0.0631,0.9369,0.2576,0.7424,0.0465,0.9535,0.0064,0.9936,0.1989,0.8011,0.0015,0.9985,0.2180,0.7820,0.0009,0.9991,0.0029,0.9971,0.1490,0.8510,0.0882,0.9118,0.0124,0.9876,0.1886,0.8114,,,,,,,,,,,,,,,,,,,,,,,,,,,,,,,,,,,,,,,,,,,,,,,,,,,,,,,,,,,,,,,,,,,,,,,,,,,,,,,,,,
Sub_023,0.9303,0.0697,0.8345,0.1655,0.0741,0.9259,0.0440,0.9560,0.0148,0.9852,0.0970,0.9030,0.8347,0.1653,0.7252,0.2748,0.7922,0.2078,0.2594,0.7406,0.1433,0.8567,0.1574,0.8426,0.0031,0.9969,0.0661,0.9339,0.0077,0.9923,0.1915,0.8085,0.0287,0.9713,0.1058,0.8942,0.0137,0.9863,0.0008,0.9992,0.0327,0.9673,0.0039,0.9961,0.0668,0.9332,0.2962,0.7038,0.8354,0.1646,0.2987,0.7013,0.1181,0.8819,0.1628,0.8372,0.2620,0.7380,0.1194,0.8806,0.0044,0.9956,0.0202,0.9798,0.0270,0.9730,0.0033,0.9967,0.0104,0.9896,0.7262,0.2738,0.0472,0.9528,0.0034,0.9966,0.0162,0.9838,0.0484,0.9516,0.0027,0.9973,0.0259,0.9741,0.2025,0.7975,0.1366,0.8634,0.9128,0.0872,0.2675,0.7325,0.0024,0.9976,0.0101,0.9899,0.1974,0.8026,0.0027,0.9973,0.0382,0.9618,0.0353,0.9647,0.0132,0.9868,0.0058,0.9942,0.0042,0.9958,0.0001,0.9999,0.0124,0.9876,0.9249,0.0751,0.1906,0.8094,0.0000,1.0000,0.0000,1.0000,0.0000,1.0000,0.0000,1.0000,0.0000,1.0000,0.0000,1.0000,0.0000,1.0000,0.0000,1.0000,0.0006,0.9994,0.0005,0.9995,0.0000,1.0000,0.0784,0.9216,0.8848,0.1152,0.0037,0.9963,0.0106,0.9894,0.0281,0.9719,0.0231,0.9769,0.0241,0.9759,0.1253,0.8747,0.0701,0.9299,0.1127,0.8873,0.1186,0.8814,0.2255,0.7745,0.2981,0.7019,0.0463,0.9537,0.1214,0.8786,0.0580,0.9420,0.0021,0.9979,0.0435,0.9565,0.0018,0.9982,0.0076,0.9924,0.9210,0.0790,0.7140,0.2860,0.0058,0.9942,0.7185,0.2815,0.0386,0.9614,0.0014,0.9986,0.2237,0.7763,0.8684,0.1316,0.0162,0.9838,0.0013,0.9987,0.0034,0.9966,0.0224,0.9776,0.0073,0.9927,0.0159,0.9841,0.0051,0.9949,0.0011,0.9989,0.0029,0.9971,0.1659,0.8341,0.0049,0.9951,0.0057,0.9943,0.0226,0.9774,0.0007,0.9993,0.0004,0.9996,0.0010,0.9990,0.0013,0.9987,0.0068,0.9932,0.0665,0.9335,0.2124,0.7876,0.0227,0.9773,0.1659,0.8341,0.0608,0.9392,0.7069,0.2931,0.0828,0.9172,0.0307,0.9693,0.0354,0.9646,0.0005,0.9995,0.2330,0.7670,0.8756,0.1244,0.9353,0.0647,0.1018,0.8982,0.0704,0.9296,0.0200,0.9800,0.0410,0.9590,0.0152,0.9848,0.2673,0.7327,0.0164,0.9836,0.0084,0.9916,0.0398,0.9602,0.2274,0.7726,0.0070,0.9930,0.1719,0.8281,,,,,,,,,,,,,,,,,,,,,,,,,,,,,,,,,,,,,,,,,,,,,,,,,,,,,,,,,,,,,,,,,,,,
Sub_025,0.8634,0.1366,0.9839,0.0161,0.8249,0.1751,0.8857,0.1143,0.9706,0.0294,0.9710,0.0290,0.9941,0.0059,0.9472,0.0528,0.7751,0.2249,0.9289,0.0711,0.9564,0.0436,0.8212,0.1788,0.9776,0.0224,0.8591,0.1409,0.8701,0.1299,0.9534,0.0466,0.9715,0.0285,0.9683,0.0317,0.8956,0.1044,0.9192,0.0808,0.9312,0.0688,0.9650,0.0350,0.9826,0.0174,0.9755,0.0245,0.9476,0.0524,0.8773,0.1227,0.7660,0.2340,0.7963,0.2037,0.8320,0.1680,0.9914,0.0086,0.9349,0.0651,0.9665,0.0335,0.8952,0.1048,0.9851,0.0149,0.9477,0.0523,0.8032,0.1968,0.9786,0.0214,0.9902,0.0098,0.9611,0.0389,0.9965,0.0035,0.9930,0.0070,0.9966,0.0034,0.9956,0.0044,0.9896,0.0104,0.9924,0.0076,0.9581,0.0419,0.9759,0.0241,0.9236,0.0764,0.9729,0.0271,0.9747,0.0253,0.9850,0.0150,0.9949,0.0051,0.9908,0.0092,0.9666,0.0334,0.9983,0.0017,0.9806,0.0194,0.9962,0.0038,0.9877,0.0123,0.9782,0.0218,0.9831,0.0169,0.9833,0.0167,0.9850,0.0150,0.9715,0.0285,0.9831,0.0169,0.9876,0.0124,0.9742,0.0258,0.9446,0.0554,0.9970,0.0030,0.9854,0.0146,0.9985,0.0015,0.9843,0.0157,0.9968,0.0032,0.9896,0.0104,0.9940,0.0060,0.9987,0.0013,0.9970,0.0030,0.9716,0.0284,0.9986,0.0014,0.9967,0.0033,0.9947,0.0053,0.9559,0.0441,0.9843,0.0157,0.9952,0.0048,0.9886,0.0114,0.9132,0.0868,0.9783,0.0217,0.9613,0.0387,0.9941,0.0059,0.9961,0.0039,0.9973,0.0027,0.9977,0.0023,0.9992,0.0008,0.9916,0.0084,0.9915,0.0085,0.9944,0.0056,0.9893,0.0107,0.9835,0.0165,0.9972,0.0028,0.9939,0.0061,0.9977,0.0023,0.9894,0.0106,0.9836,0.0164,0.9960,0.0040,0.9990,0.0010,0.9974,0.0026,0.9985,0.0015,0.9996,0.0004,0.9957,0.0043,0.9990,0.0010,0.9936,0.0064,0.9899,0.0101,0.8209,0.1791,0.9993,0.0007,0.9991,0.0009,0.9995,0.0005,0.9989,0.0011,0.9975,0.0025,0.9817,0.0183,0.9964,0.0036,0.9896,0.0104,0.9921,0.0079,0.9911,0.0089,0.9968,0.0032,0.9934,0.0066,0.9933,0.0067,0.9813,0.0187,0.9985,0.0015,0.8467,0.1533,0.9733,0.0267,0.9294,0.0706,0.9127,0.0873,0.9792,0.0208,0.9879,0.0121,,,,,,,,,,,,,,,,,,,,,,,,,,,,,,,,,,,,,,,,,,,,,,,,,,,,,,,,,,,,,,,,,,,,,,,,,,,,,,,,,,,,
Sub_040,0.9410,0.0590,0.7608,0.2392,0.7751,0.2249,0.9479,0.0521,0.9675,0.0325,0.2618,0.7382,0.8503,0.1497,0.9116,0.0884,0.7998,0.2002,0.7830,0.2170,0.2586,0.7414,0.8175,0.1825,0.9086,0.0914,0.9865,0.0135,0.9851,0.0149,0.9863,0.0137,0.9488,0.0512,0.9924,0.0076,0.7014,0.2986,0.8779,0.1221,0.9855,0.0145,0.7361,0.2639,0.9226,0.0774,0.2304,0.7696,0.8142,0.1858,0.1556,0.8444,0.1544,0.8456,0.0554,0.9446,0.9790,0.0210,0.9585,0.0415,0.9645,0.0355,0.9763,0.0237,0.9850,0.0150,0.9597,0.0403,0.8925,0.1075,0.9120,0.0880,0.9814,0.0186,0.9114,0.0886,0.9382,0.0618,0.9560,0.0440,0.9470,0.0530,0.9750,0.0250,0.9739,0.0261,0.8568,0.1432,0.9727,0.0273,0.9042,0.0958,0.7709,0.2291,0.8437,0.1563,0.9380,0.0620,0.9576,0.0424,0.9109,0.0891,0.9963,0.0037,0.9505,0.0495,0.9785,0.0215,0.8180,0.1820,0.9884,0.0116,0.9321,0.0679,0.9610,0.0390,0.9883,0.0117,0.9826,0.0174,0.9868,0.0132,0.9875,0.0125,0.9847,0.0153,0.9660,0.0340,0.9757,0.0243,0.9838,0.0162,0.9845,0.0155,0.9865,0.0135,0.9951,0.0049,0.8938,0.1062,0.8506,0.1494,0.7717,0.2283,0.7330,0.2670,0.7267,0.2733,0.8141,0.1859,0.9336,0.0664,0.9370,0.0630,0.9534,0.0466,0.9975,0.0025,0.9272,0.0728,0.9974,0.0026,0.9588,0.0412,0.9915,0.0085,0.8700,0.1300,0.7911,0.2089,0.9885,0.0115,0.9800,0.0200,0.9843,0.0157,0.9735,0.0265,0.9801,0.0199,0.9613,0.0387,0.9660,0.0340,0.9401,0.0599,0.9843,0.0157,0.9379,0.0621,0.9833,0.0167,0.9953,0.0047,0.9901,0.0099,0.9893,0.0107,0.9451,0.0549,0.8484,0.1516,0.9914,0.0086,0.9961,0.0039,0.9381,0.0619,0.8825,0.1175,0.9761,0.0239,0.9682,0.0318,0.9909,0.0091,0.9707,0.0293,0.9855,0.0145,0.9543,0.0457,0.9448,0.0552,0.7647,0.2353,0.8180,0.1820,0.9747,0.0253,0.9835,0.0165,0.9274,0.0726,0.9928,0.0072,0.9901,0.0099,0.8661,0.1339,0.9715,0.0285,0.8862,0.1138,0.9848,0.0152,0.9748,0.0252,0.9503,0.0497,0.9823,0.0177,0.9510,0.0490,0.9471,0.0529,0.7333,0.2667,0.9918,0.0082,0.9315,0.0685,0.9406,0.0594,0.9640,0.0360,0.9922,0.0078,0.9699,0.0301,0.9692,0.0308,0.9159,0.0841,0.8216,0.1784,0.9872,0.0128,0.9160,0.0840,0.9366,0.0634,0.9598,0.0402,0.7721,0.2279,0.9002,0.0998,0.7208,0.2792,0.1704,0.8296,0.1588,0.8412,0.9191,0.0809,0.9028,0.0972,0.9809,0.0191,0.9489,0.0511,0.1803,0.8197,0.9794,0.0206,0.7526,0.2474,0.2169,0.7831,0.0223,0.9777,0.8153,0.1847,0.9857,0.0143,0.9795,0.0205,0.9469,0.0531,0.8176,0.1824,0.8990,0.1010,0.9634,0.0366,0.7203,0.2797,0.9330,0.0670,0.8227,0.1773,0.8321,0.1679,0.8492,0.1508,0.9573,0.0427,0.8218,0.1782,0.9709,0.0291,0.9832,0.0168,0.7723,0.2277,0.9848,0.0152,0.9765,0.0235
Sub_045,0.1216,0.8784,0.0329,0.9671,0.0452,0.9548,0.0669,0.9331,0.0607,0.9393,0.0590,0.9410,0.0727,0.9273,0.0192,0.9808,0.0456,0.9544,0.1277,0.8723,0.0531,0.9469,0.0362,0.9638,0.0365,0.9635,0.1566,0.8434,0.0410,0.9590,0.0185,0.9815,0.0487,0.9513,0.0229,0.9771,0.0863,0.9137,0.1961,0.8039,0.1486,0.8514,0.0707,0.9293,0.1492,0.8508,0.2909,0.7091,0.0314,0.9686,0.0256,0.9744,0.0330,0.9670,0.0282,0.9718,0.0241,0.9759,0.0507,0.9493,0.1037,0.8963,0.0390,0.9610,0.0374,0.9626,0.0063,0.9937,0.0351,0.9649,0.0707,0.9293,0.0827,0.9173,0.0601,0.9399,0.1714,0.8286,0.0399,0.9601,0.0844,0.9156,0.0685,0.9315,0.0397,0.9603,0.0359,0.9641,0.0617,0.9383,0.0623,0.9377,0.1256,0.8744,0.0520,0.9480,0.0457,0.9543,0.0548,0.9452,0.0464,0.9536,0.0329,0.9671,0.0519,0.9481,0.0224,0.9776,0.2091,0.7909,0.0457,0.9543,0.0315,0.9685,0.0675,0.9325,0.0190,0.9810,0.0309,0.9691,0.0269,0.9731,0.0811,0.9189,0.0228,0.9772,0.0929,0.9071,0.0360,0.9640,0.0271,0.9729,0.1930,0.8070,0.0743,0.9257,0.0097,0.9903,0.0022,0.9978,0.0120,0.9880,0.0213,0.9787,0.0486,0.9514,0.0420,0.9580,0.0312,0.9688,0.0132,0.9868,0.1402,0.8598,0.0241,0.9759,0.2969,0.7031,0.0525,0.9475,0.0398,0.9602,0.2083,0.7917,0.0425,0.9575,0.0529,0.9471,0.0133,0.9867,0.0395,0.9605,0.0005,0.9995,0.0182,0.9818,0.0629,0.9371,0.1113,0.8887,0.0163,0.9837,0.0156,0.9844,0.0079,0.9921,0.1086,0.8914,0.1207,0.8793,0.2641,0.7359,0.1189,0.8811,0.0258,0.9742,0.0107,0.9893,0.0028,0.9972,0.0015,0.9985,0.2078,0.7922,0.0511,0.9489,0.0372,0.9628,0.0167,0.9833,0.0178,0.9822,0.0182,0.9818,0.0611,0.9389,0.0041,0.9959,0.0017,0.9983,0.0787,0.9213,0.0174,0.9826,0.0018,0.9982,0.0138,0.9862,0.0027,0.9973,0.0287,0.9713,0.0444,0.9556,0.1053,0.8947,0.0771,0.9229,0.0624,0.9376,0.0398,0.9602,0.2394,0.7606,0.0139,0.9861,0.0355,0.9645,0.0306,0.9694,0.0152,0.9848,0.0458,0.9542,0.1375,0.8625,0.1442,0.8558,0.0228,0.9772,0.0550,0.9450,0.0275,0.9725,0.0268,0.9732,0.0052,0.9948,0.0004,0.9996,0.0080,0.9920,0.0173,0.9827,0.0778,0.9222,0.0024,0.9976,0.0024,0.9976,0.2435,0.7565,0.2181,0.7819,0.0695,0.9305,0.0230,0.9770,0.0324,0.9676,0.0204,0.9796,0.0043,0.9957,0.0338,0.9662,0.0246,0.9754,0.0085,0.9915,0.0217,0.9783,0.0031,0.9969,0.0065,0.9935,0.0034,0.9966,0.0295,0.9705,0.0023,0.9977,0.0026,0.9974,0.0348,0.9652,0.0423,0.9577,0.0044,0.9956,0.0073,0.9927,0.0054,0.9946,0.0026,0.9974,0.0914,0.9086,0.0259,0.9741,,,,,,,,,,,,,,,,,,,,
Sub_046,0.9545,0.0455,0.9600,0.0400,0.8948,0.1052,0.0884,0.9116,0.0343,0.9657,0.0012,0.9988,0.2116,0.7884,0.7883,0.2117,0.1119,0.8881,0.7945,0.2055,0.0063,0.9937,0.7980,0.2020,0.0175,0.9825,0.0580,0.9420,0.2016,0.7984,0.8468,0.1532,0.0055,0.9945,0.0258,0.9742,0.2902,0.7098,0.0632,0.9368,0.7348,0.2652,0.8276,0.1724,0.1939,0.8061,0.1209,0.8791,0.8599,0.1401,0.8425,0.1575,0.9473,0.0527,0.9162,0.0838,0.9315,0.0685,0.9474,0.0526,0.1189,0.8811,0.2595,0.7405,0.0208,0.9792,0.1494,0.8506,0.1235,0.8765,0.8477,0.1523,0.7039,0.2961,0.1620,0.8380,0.2595,0.7405,0.0040,0.9960,0.0960,0.9040,0.0848,0.9152,0.2155,0.7845,0.0103,0.9897,0.9123,0.0877,0.9093,0.0907,0.8685,0.1315,0.9609,0.0391,0.9709,0.0291,0.7427,0.2573,0.8029,0.1971,0.1522,0.8478,0.1388,0.8612,0.9775,0.0225,0.9266,0.0734,0.0248,0.9752,0.0904,0.9096,0.1146,0.8854,0.1986,0.8014,0.1607,0.8393,0.7693,0.2307,0.8703,0.1297,0.9220,0.0780,0.2843,0.7157,0.2048,0.7952,0.2424,0.7576,0.0669,0.9331,0.2694,0.7306,0.0603,0.9397,0.8223,0.1777,0.0736,0.9264,0.0661,0.9339,0.7927,0.2073,0.0807,0.9193,0.2891,0.7109,0.1948,0.8052,0.1661,0.8339,0.1783,0.8217,0.0431,0.9569,0.9639,0.0361,0.9127,0.0873,0.8356,0.1644,0.9745,0.0255,0.8884,0.1116,0.2938,0.7062,0.0602,0.9398,0.0180,0.9820,0.1107,0.8893,0.1475,0.8525,0.2420,0.7580,0.8486,0.1514,0.1402,0.8598,0.0527,0.9473,0.0758,0.9242,0.2451,0.7549,0.7294,0.2706,0.1489,0.8511,0.0635,0.9365,0.0589,0.9411,0.0988,0.9012,0.0478,0.9522,0.0267,0.9733,0.1285,0.8715,0.0498,0.9502,0.0618,0.9382,0.7111,0.2889,0.0246,0.9754,0.0319,0.9681,0.9290,0.0710,0.2956,0.7044,0.8246,0.1754,0.9521,0.0479,0.8681,0.1319,,,,,,,,,,,,,,,,,,,,,,,,,,,,,,,,,,,,,,,,,,,,,,,,,,,,,,,,,,,,,,,,,,,,,,,,,,,,,,,,,,,,,,,,,,,,,,,,,,,,,,,,,,,,,,,,,,,,,,,,,,,,
Sub_051,0.9637,0.0363,0.7066,0.2934,0.9331,0.0669,0.9002,0.0998,0.9261,0.0739,0.9562,0.0438,0.9632,0.0368,0.9250,0.0750,0.9971,0.0029,0.9599,0.0401,0.9550,0.0450,0.7068,0.2932,0.8177,0.1823,0.9978,0.0022,0.9564,0.0436,0.9397,0.0603,0.9939,0.0061,0.9392,0.0608,0.9961,0.0039,0.9638,0.0362,0.9925,0.0075,0.7557,0.2443,0.9828,0.0172,0.9735,0.0265,0.9552,0.0448,0.9576,0.0424,0.9896,0.0104,0.8528,0.1472,0.7202,0.2798,0.7866,0.2134,0.8889,0.1111,0.9807,0.0193,0.8055,0.1945,0.9002,0.0998,0.2837,0.7163,0.9345,0.0655,0.9366,0.0634,0.8986,0.1014,0.9002,0.0998,0.9796,0.0204,0.9644,0.0356,0.8837,0.1163,0.9838,0.0162,0.8507,0.1493,0.9257,0.0743,0.9346,0.0654,0.9945,0.0055,0.7430,0.2570,0.9881,0.0119,0.9790,0.0210,0.9694,0.0306,0.9898,0.0102,0.9885,0.0115,0.9886,0.0114,0.9874,0.0126,0.9916,0.0084,0.9201,0.0799,0.8977,0.1023,0.9796,0.0204,0.9597,0.0403,0.9869,0.0131,0.9667,0.0333,0.9929,0.0071,0.8278,0.1722,0.9610,0.0390,0.8720,0.1280,0.7476,0.2524,0.9379,0.0621,0.9567,0.0433,0.7394,0.2606,0.9462,0.0538,0.7307,0.2693,0.8252,0.1748,0.9706,0.0294,0.8325,0.1675,0.9203,0.0797,0.9580,0.0420,0.7636,0.2364,0.9907,0.0093,0.8808,0.1192,0.1449,0.8551,0.7321,0.2679,0.2758,0.7242,0.8627,0.1373,0.9447,0.0553,0.9180,0.0820,0.9516,0.0484,0.8685,0.1315,0.2164,0.7836,0.8795,0.1205,0.9165,0.0835,0.2417,0.7583,0.0739,0.9261,0.7397,0.2603,0.7344,0.2656,0.8165,0.1835,0.9613,0.0387,0.8442,0.1558,0.8829,0.1171,0.7023,0.2977,0.7728,0.2272,0.8799,0.1201,0.8272,0.1728,0.1484,0.8516,0.8864,0.1136,0.8471,0.1529,0.1673,0.8327,0.8690,0.1310,0.7482,0.2518,0.8301,0.1699,0.9215,0.0785,0.9244,0.0756,0.1124,0.8876,0.2612,0.7388,0.9728,0.0272,0.2306,0.7694,0.2350,0.7650,,,,,,,,,,,,,,,,,,,,,,,,,,,,,,,,,,,,,,,,,,,,,,,,,,,,,,,,,,,,,,,,,,,,,,,,,,,,,,,,,,,,,,,,,,,,,,,,,,,,,,,,,,,,,,,,,,,,
Sub_052,0.9997,0.0003,0.9991,0.0009,0.8621,0.1379,0.9803,0.0197,0.9997,0.0003,0.9969,0.0031,0.9937,0.0063,0.8382,0.1618,0.9993,0.0007,0.9984,0.0016,0.9966,0.0034,0.9933,0.0067,0.9723,0.0277,0.9965,0.0035,0.9996,0.0004,0.9929,0.0071,0.9603,0.0397,0.9487,0.0513,0.9909,0.0091,0.9985,0.0015,0.9956,0.0044,0.9542,0.0458,0.1418,0.8582,0.0800,0.9200,0.0029,0.9971,0.0519,0.9481,0.9943,0.0057,0.9194,0.0806,0.0605,0.9395,0.0103,0.9897,0.0074,0.9926,0.1106,0.8894,0.9891,0.0109,0.9761,0.0239,0.9759,0.0241,0.9863,0.0137,0.9800,0.0200,0.9993,0.0007,0.9964,0.0036,0.9937,0.0063,0.9967,0.0033,0.9980,0.0020,0.9960,0.0040,0.9875,0.0125,0.9150,0.0850,0.9849,0.0151,0.0678,0.9322,0.9935,0.0065,0.9838,0.0162,0.9958,0.0042,0.9971,0.0029,0.9994,0.0006,0.9987,0.0013,0.9962,0.0038,0.9991,0.0009,0.9961,0.0039,0.9944,0.0056,0.9993,0.0007,0.9989,0.0011,0.9963,0.0037,0.9935,0.0065,0.9970,0.0030,0.9944,0.0056,0.9974,0.0026,0.9980,0.0020,0.9570,0.0430,0.9578,0.0422,0.9945,0.0055,0.9826,0.0174,0.9931,0.0069,0.9982,0.0018,0.9969,0.0031,0.9944,0.0056,0.9936,0.0064,0.9072,0.0928,0.7565,0.2435,0.9951,0.0049,0.9991,0.0009,0.9984,0.0016,0.9992,0.0008,0.9902,0.0098,0.9553,0.0447,0.0242,0.9758,0.0683,0.9317,0.0277,0.9723,0.0258,0.9742,0.0080,0.9920,0.9837,0.0163,0.9240,0.0760,0.0032,0.9968,0.1378,0.8622,0.8183,0.1817,0.0290,0.9710,0.0113,0.9887,0.0062,0.9938,0.0024,0.9976,0.0046,0.9954,0.0040,0.9960,0.0023,0.9977,0.8897,0.1103,0.9851,0.0149,0.9973,0.0027,0.8618,0.1382,0.0437,0.9563,0.0008,0.9992,0.0007,0.9993,0.0012,0.9988,0.9112,0.0888,0.1502,0.8498,0.0145,0.9855,0.0438,0.9562,0.1045,0.8955,0.0298,0.9702,0.2230,0.7770,0.0026,0.9974,0.0017,0.9983,0.0001,0.9999,0.0007,0.9993,0.0165,0.9835,0.9892,0.0108,0.9924,0.0076,0.9808,0.0192,0.9771,0.0229,0.9818,0.0182,0.9804,0.0196,0.9905,0.0095,0.9701,0.0299,0.9553,0.0447,0.0323,0.9677,0.0082,0.9918,0.0144,0.9856,0.1236,0.8764,0.9900,0.0100,0.9901,0.0099,0.8648,0.1352,0.0067,0.9933,0.0025,0.9975,0.0054,0.9946,0.0127,0.9873,0.9128,0.0872,0.1596,0.8404,0.0045,0.9955,0.0016,0.9984,0.2592,0.7408,0.9571,0.0429,0.9065,0.0935,,,,,,,,,,,,,,,,,,,,,,,,,,,,,,,,,,,,,,,,,,,,,,,,,,,,,,,,,,
Sub_058,0.9999,0.0001,1.0000,0.0000,0.9999,0.0001,0.9998,0.0002,0.9997,0.0003,0.9971,0.0029,0.9994,0.0006,0.9996,0.0004,0.9990,0.0010,0.9997,0.0003,0.9990,0.0010,0.9886,0.0114,0.9996,0.0004,0.9981,0.0019,0.9994,0.0006,0.9984,0.0016,0.9994,0.0006,0.9990,0.0010,0.9995,0.0005,0.9987,0.0013,0.9986,0.0014,0.9995,0.0005,0.9996,0.0004,0.9994,0.0006,0.9997,0.0003,0.9992,0.0008,0.9983,0.0017,0.9975,0.0025,0.9918,0.0082,0.9845,0.0155,0.9977,0.0023,0.9993,0.0007,0.9978,0.0022,0.9998,0.0002,0.9973,0.0027,0.9994,0.0006,0.9961,0.0039,0.9996,0.0004,0.9997,0.0003,0.9997,0.0003,0.9998,0.0002,0.9999,0.0001,0.9995,0.0005,0.9997,0.0003,0.9996,0.0004,0.9999,0.0001,0.9999,0.0001,0.9998,0.0002,1.0000,0.0000,0.9998,0.0002,0.9986,0.0014,0.9995,0.0005,0.9997,0.0003,0.9999,0.0001,0.9965,0.0035,0.9996,0.0004,0.9988,0.0012,0.9996,0.0004,0.9996,0.0004,0.9982,0.0018,0.9998,0.0002,0.9969,0.0031,0.9996,0.0004,0.9935,0.0065,0.9999,0.0001,0.9992,0.0008,0.9999,0.0001,0.9994,0.0006,0.9998,0.0002,1.0000,0.0000,0.9998,0.0002,0.9999,0.0001,1.0000,0.0000,0.9998,0.0002,0.9999,0.0001,0.9990,0.0010,0.9998,0.0002,0.9956,0.0044,0.9948,0.0052,0.9996,0.0004,0.9942,0.0058,0.9995,0.0005,0.9979,0.0021,0.9986,0.0014,0.9798,0.0202,0.9800,0.0200,0.9954,0.0046,0.9983,0.0017,0.9971,0.0029,0.9907,0.0093,0.9932,0.0068,0.9987,0.0013,0.9843,0.0157,0.9848,0.0152,0.9948,0.0052,0.9960,0.0040,0.9516,0.0484,0.9875,0.0125,0.9928,0.0072,0.9984,0.0016,0.9967,0.0033,0.9927,0.0073,0.9486,0.0514,0.7462,0.2538,0.9738,0.0262,0.9971,0.0029,0.9974,0.0026,0.9821,0.0179,0.9621,0.0379,0.9406,0.0594,0.9580,0.0420,0.8719,0.1281,0.0314,0.9686,0.2478,0.7522,0.9976,0.0024,0.9777,0.0223,0.9995,0.0005,0.9952,0.0048,0.9971,0.0029,0.9766,0.0234,0.9983,0.0017,0.9609,0.0391,0.9528,0.0472,0.9912,0.0088,0.9938,0.0062,0.9941,0.0059,0.9928,0.0072,0.9472,0.0528,0.8312,0.1688,0.9122,0.0878,0.9815,0.0185,0.8967,0.1033,0.9908,0.0092,0.9906,0.0094,0.9400,0.0600,0.9723,0.0277,0.8408,0.1592,0.0144,0.9856,0.0068,0.9932,0.9682,0.0318,0.9981,0.0019,0.9551,0.0449,0.0638,0.9362,0.0377,0.9623,0.1076,0.8924,0.7082,0.2918,0.2169,0.7831,0.1748,0.8252,0.0203,0.9797,,,,,,,,,,,,,,,,,,,,,,,,,,,,,,,,,,,,,,,,,,,,,,,,,,,,
Sub_071,0.0176,0.9824,0.0246,0.9754,0.0107,0.9893,0.0065,0.9935,0.0217,0.9783,0.1244,0.8756,0.0102,0.9898,0.0225,0.9775,0.0119,0.9881,0.0135,0.9865,0.0028,0.9972,0.0244,0.9756,0.0394,0.9606,0.0382,0.9618,0.0105,0.9895,0.0167,0.9833,0.0133,0.9867,0.0058,0.9942,0.0223,0.9777,0.0439,0.9561,0.0491,0.9509,0.0187,0.9813,0.0677,0.9323,0.0192,0.9808,0.0089,0.9911,0.0039,0.9961,0.1316,0.8684,0.0624,0.9376,,,,,,,,,,,,,,,,,,,,,,,,,,,,,,,,,,,,,,,,,,,,,,,,,,,,,,,,,,,,,,,,,,,,,,,,,,,,,,,,,,,,,,,,,,,,,,,,,,,,,,,,,,,,,,,,,,,,,,,,,,,,,,,,,,,,,,,,,,,,,,,,,,,,,,,,,,,,,,,,,,,,,,,,,,,,,,,,,,,,,,,,,,,,,,,,,,,,,,,,,,,,,,,,,,,,,,,,,,,,,,,,,,,,,,,,,,,,,,,,,,,,,,,,,,,,,,,,,,,,,,,,,,,,,,,,,,,,,,,,,,,,,,,,,,,,,,
Sub_077,0.0048,0.9952,0.0153,0.9847,0.0039,0.9961,0.0051,0.9949,0.0020,0.9980,0.0059,0.9941,0.0261,0.9739,0.0106,0.9894,0.0507,0.9493,0.0260,0.9740,0.0057,0.9943,0.0006,0.9994,0.0047,0.9953,0.0016,0.9984,0.0951,0.9049,0.0961,0.9039,0.0282,0.9718,0.0012,0.9988,0.0045,0.9955,0.0503,0.9497,0.0157,0.9843,0.0020,0.9980,0.0030,0.9970,0.0221,0.9779,0.0042,0.9958,0.0564,0.9436,0.0193,0.9807,0.0033,0.9967,0.0009,0.9991,0.0130,0.9870,0.0041,0.9959,0.0080,0.9920,0.0020,0.9980,0.2366,0.7634,0.1604,0.8396,0.0634,0.9366,0.2958,0.7042,0.0427,0.9573,0.1789,0.8211,0.1341,0.8659,0.0305,0.9695,0.0062,0.9938,0.0022,0.9978,0.0555,0.9445,0.1710,0.8290,0.1182,0.8818,0.0862,0.9138,0.0109,0.9891,0.0042,0.9958,0.2873,0.7127,0.2885,0.7115,0.0370,0.9630,0.0063,0.9937,0.0176,0.9824,0.0994,0.9006,0.0440,0.9560,0.2479,0.7521,0.0007,0.9993,0.0064,0.9936,0.0028,0.9972,0.1167,0.8833,0.0094,0.9906,0.0671,0.9329,0.0189,0.9811,0.0107,0.9893,0.0089,0.9911,,,,,,,,,,,,,,,,,,,,,,,,,,,,,,,,,,,,,,,,,,,,,,,,,,,,,,,,,,,,,,,,,,,,,,,,,,,,,,,,,,,,,,,,,,,,,,,,,,,,,,,,,,,,,,,,,,,,,,,,,,,,,,,,,,,,,,,,,,,,,,,,,,,,,,,,,,,,,,,,,,,,,,,,,,,,,,,,,,,,,,,,,,,,,,,,,,,,,,,,,,,,,,,,,,,,,,,,,,
Sub_086,0.0076,0.9924,0.0211,0.9789,0.1371,0.8629,0.0548,0.9452,0.0193,0.9807,0.0297,0.9703,0.0583,0.9417,0.0095,0.9905,0.0051,0.9949,0.1378,0.8622,0.0943,0.9057,0.0497,0.9503,0.1059,0.8941,0.0594,0.9406,0.0581,0.9419,0.0189,0.9811,0.0026,0.9974,0.0084,0.9916,0.0050,0.9950,0.0015,0.9985,0.0100,0.9900,0.0031,0.9969,0.0159,0.9841,0.0419,0.9581,0.0782,0.9218,0.0205,0.9795,0.0077,0.9923,0.0020,0.9980,0.0114,0.9886,0.0025,0.9975,0.0033,0.9967,0.0019,0.9981,0.0115,0.9885,0.0299,0.9701,0.0532,0.9468,0.0044,0.9956,0.0042,0.9958,0.0075,0.9925,0.0055,0.9945,0.0034,0.9966,0.0012,0.9988,0.0079,0.9921,0.0057,0.9943,0.0120,0.9880,0.0080,0.9920,0.0044,0.9956,0.0023,0.9977,0.0045,0.9955,0.0019,0.9981,0.0021,0.9979,0.0017,0.9983,0.0014,0.9986,0.0063,0.9937,0.0032,0.9968,0.0060,0.9940,0.0100,0.9900,0.0020,0.9980,0.0023,0.9977,0.0053,0.9947,0.0028,0.9972,0.0060,0.9940,0.0053,0.9947,0.0030,0.9970,0.0028,0.9972,0.0023,0.9977,0.0296,0.9704,0.0214,0.9786,0.0406,0.9594,0.0108,0.9892,0.0072,0.9928,0.0030,0.9970,0.0017,0.9983,0.0014,0.9986,0.0221,0.9779,0.0022,0.9978,0.0005,0.9995,0.0023,0.9977,0.0027,0.9973,0.0093,0.9907,0.0210,0.9790,0.0172,0.9828,0.0539,0.9461,0.1339,0.8661,0.0178,0.9822,0.0037,0.9963,0.0106,0.9894,0.0356,0.9644,0.0060,0.9940,0.0075,0.9925,0.0346,0.9654,0.0475,0.9525,0.0365,0.9635,0.1641,0.8359,0.1356,0.8644,,,,,,,,,,,,,,,,,,,,,,,,,,,,,,,,,,,,,,,,,,,,,,,,,,,,,,,,,,,,,,,,,,,,,,,,,,,,,,,,,,,,,,,,,,,,,,,,,,,,,,,,,,,,,,,,,,,,,,,,,,,,,,,,,,,,,,,,,,,,,,,,,,,,,,,,,,,,,,,,,,
Sub_088,0.0017,0.9983,0.0007,0.9993,0.0015,0.9985,0.0012,0.9988,0.0018,0.9982,0.0012,0.9988,0.0022,0.9978,0.0007,0.9993,0.0007,0.9993,0.0011,0.9989,0.0020,0.9980,0.0011,0.9989,0.0005,0.9995,0.0013,0.9987,0.0017,0.9983,0.0016,0.9984,0.0009,0.9991,0.0008,0.9992,0.0008,0.9992,0.0016,0.9984,0.0015,0.9985,0.0011,0.9989,0.0017,0.9983,0.0008,0.9992,0.0011,0.9989,0.0013,0.9987,0.0010,0.9990,0.0006,0.9994,0.0007,0.9993,0.0013,0.9987,0.0009,0.9991,0.0012,0.9988,0.0004,0.9996,0.0002,0.9998,0.0004,0.9996,0.0010,0.9990,0.0005,0.9995,0.0003,0.9997,0.0002,0.9998,0.0006,0.9994,0.0001,0.9999,0.0009,0.9991,0.0009,0.9991,0.0003,0.9997,0.0003,0.9997,0.0003,0.9997,0.0002,0.9998,0.0003,0.9997,0.0004,0.9996,0.0007,0.9993,0.0003,0.9997,0.0006,0.9994,0.0012,0.9988,0.0003,0.9997,0.0007,0.9993,0.0001,0.9999,0.0004,0.9996,0.0002,0.9998,0.0004,0.9996,0.0003,0.9997,0.0010,0.9990,0.0015,0.9985,0.0040,0.9960,0.0037,0.9963,0.0016,0.9984,0.0004,0.9996,0.0003,0.9997,0.0005,0.9995,0.0010,0.9990,0.0007,0.9993,0.0007,0.9993,0.0007,0.9993,0.0009,0.9991,0.0002,0.9998,0.0006,0.9994,0.0007,0.9993,0.0003,0.9997,0.0007,0.9993,0.0006,0.9994,0.0004,0.9996,0.0004,0.9996,0.0005,0.9995,0.0008,0.9992,0.0004,0.9996,0.0001,0.9999,0.0003,0.9997,0.0001,0.9999,0.0003,0.9997,0.0003,0.9997,0.0003,0.9997,0.0003,0.9997,0.0004,0.9996,0.0001,0.9999,0.0002,0.9998,0.0001,0.9999,0.0002,0.9998,,,,,,,,,,,,,,,,,,,,,,,,,,,,,,,,,,,,,,,,,,,,,,,,,,,,,,,,,,,,,,,,,,,,,,,,,,,,,,,,,,,,,,,,,,,,,,,,,,,,,,,,,,,,,,,,,,,,,,,,,,,,,,,,,,,,,,,,,,,,,,,,,,,,,,,,,,,,,,
Sub_090,0.0008,0.9992,0.0013,0.9987,0.0028,0.9972,0.0001,0.9999,0.0004,0.9996,0.0002,0.9998,0.0002,0.9998,0.0005,0.9995,0.0001,0.9999,0.0000,1.0000,0.0008,0.9992,0.0008,0.9992,0.0004,0.9996,0.0001,0.9999,0.0004,0.9996,0.0001,0.9999,0.0001,0.9999,0.0001,0.9999,0.0004,0.9996,0.0012,0.9988,0.0001,0.9999,0.0006,0.9994,0.0010,0.9990,0.0028,0.9972,0.0001,0.9999,0.0003,0.9997,0.0006,0.9994,0.0007,0.9993,0.0000,1.0000,0.0002,0.9998,0.0021,0.9979,0.0006,0.9994,0.0001,0.9999,0.0002,0.9998,0.0002,0.9998,0.0310,0.9690,0.0021,0.9979,0.0036,0.9964,0.0003,0.9997,0.0069,0.9931,0.0017,0.9983,0.0019,0.9981,0.0018,0.9982,0.0016,0.9984,0.0006,0.9994,0.0026,0.9974,0.0001,0.9999,0.0001,0.9999,0.0002,0.9998,0.0002,0.9998,0.0003,0.9997,0.0041,0.9959,0.0019,0.9981,0.0089,0.9911,0.0020,0.9980,0.0018,0.9982,0.0001,0.9999,0.0004,0.9996,0.0032,0.9968,0.0003,0.9997,0.0020,0.9980,0.0022,0.9978,0.0002,0.9998,0.0000,1.0000,0.0007,0.9993,0.0001,0.9999,0.0001,0.9999,0.0002,0.9998,0.0001,0.9999,0.0000,1.0000,0.0001,0.9999,0.0002,0.9998,,,,,,,,,,,,,,,,,,,,,,,,,,,,,,,,,,,,,,,,,,,,,,,,,,,,,,,,,,,,,,,,,,,,,,,,,,,,,,,,,,,,,,,,,,,,,,,,,,,,,,,,,,,,,,,,,,,,,,,,,,,,,,,,,,,,,,,,,,,,,,,,,,,,,,,,,,,,,,,,,,,,,,,,,,,,,,,,,,,,,,,,,,,,,,,,,,,,,,,,,,,,,,
Sub_097,0.0506,0.9494,0.1354,0.8646,0.1692,0.8308,0.1187,0.8813,0.1147,0.8853,0.1698,0.8302,0.2315,0.7685,0.1950,0.8050,0.1832,0.8168,0.0860,0.9140,0.2232,0.7768,0.2458,0.7542,0.2563,0.7437,0.2607,0.7393,0.2363,0.7637,0.1139,0.8861,0.2601,0.7399,0.2455,0.7545,0.2374,0.7626,0.2006,0.7994,0.2939,0.7061,0.1749,0.8251,0.1675,0.8325,0.2782,0.7218,0.1359,0.8641,0.2120,0.7880,0.1869,0.8131,0.2805,0.7195,0.2732,0.7268,0.1664,0.8336,0.1771,0.8229,0.2292,0.7708,0.0518,0.9482,0.1963,0.8037,0.1600,0.8400,0.1527,0.8473,0.0224,0.9776,0.0921,0.9079,0.0099,0.9901,0.0354,0.9646,0.0257,0.9743,0.0502,0.9498,0.0099,0.9901,0.0421,0.9579,0.0013,0.9987,0.1336,0.8664,0.0281,0.9719,0.1206,0.8794,0.1056,0.8944,0.0966,0.9034,0.2102,0.7898,0.2109,0.7891,0.2467,0.7533,0.1264,0.8736,0.0737,0.9263,0.0951,0.9049,0.1202,0.8798,0.1353,0.8647,0.2640,0.7360,0.0555,0.9445,0.1045,0.8955,0.1975,0.8025,0.0339,0.9661,0.0220,0.9780,0.0137,0.9863,0.0177,0.9823,0.0060,0.9940,0.0064,0.9936,0.0196,0.9804,0.0024,0.9976,0.0124,0.9876,0.0018,0.9982,0.0130,0.9870,0.0573,0.9427,0.1438,0.8562,0.0385,0.9615,,,,,,,,,,,,,,,,,,,,,,,,,,,,,,,,,,,,,,,,,,,,,,,,,,,,,,,,,,,,,,,,,,,,,,,,,,,,,,,,,,,,,,,,,,,,,,,,,,,,,,,,,,,,,,,,,,,,,,,,,,,,,,,,,,,,,,,,,,,,,,,,,,,,,,,,,,,,,,,,,,,,,,,,,,,,,,,,,,,,,,,,,,,,,,,,,,,,,,
Sub_100,0.0007,0.9993,0.0024,0.9976,0.0005,0.9995,0.0004,0.9996,0.0032,0.9968,0.0012,0.9988,0.0009,0.9991,0.0010,0.9990,0.0031,0.9969,0.0008,0.9992,0.0019,0.9981,0.0020,0.9980,0.0038,0.9962,0.0034,0.9966,0.0042,0.9958,0.0025,0.9975,0.0029,0.9971,0.0026,0.9974,0.0062,0.9938,0.0049,0.9951,0.0106,0.9894,0.0010,0.9990,0.0023,0.9977,0.0508,0.9492,0.0039,0.9961,0.0030,0.9970,0.0026,0.9974,0.0043,0.9957,0.0177,0.9823,0.0033,0.9967,0.0080,0.9920,0.0309,0.9691,0.0029,0.9971,0.0124,0.9876,0.0074,0.9926,0.0165,0.9835,0.0029,0.9971,0.0021,0.9979,0.0096,0.9904,0.0191,0.9809,0.0152,0.9848,0.0012,0.9988,0.0020,0.9980,0.0012,0.9988,0.0006,0.9994,0.0023,0.9977,0.0003,0.9997,0.0004,0.9996,0.0006,0.9994,0.0003,0.9997,0.0006,0.9994,0.0012,0.9988,0.0008,0.9992,0.0010,0.9990,0.0010,0.9990,0.0005,0.9995,0.0013,0.9987,0.0004,0.9996,0.0007,0.9993,0.0005,0.9995,0.0014,0.9986,0.0006,0.9994,0.0004,0.9996,0.0011,0.9989,0.0023,0.9977,0.0004,0.9996,0.0002,0.9998,0.0006,0.9994,0.0005,0.9995,0.0015,0.9985,0.0006,0.9994,0.0002,0.9998,0.0010,0.9990,0.0006,0.9994,0.0008,0.9992,0.0006,0.9994,0.0009,0.9991,0.0010,0.9990,0.0004,0.9996,0.0004,0.9996,0.0002,0.9998,0.0003,0.9997,,,,,,,,,,,,,,,,,,,,,,,,,,,,,,,,,,,,,,,,,,,,,,,,,,,,,,,,,,,,,,,,,,,,,,,,,,,,,,,,,,,,,,,,,,,,,,,,,,,,,,,,,,,,,,,,,,,,,,,,,,,,,,,,,,,,,,,,,,,,,,,,,,,,,,,,,,,,,,,,,,,,,,,,,,,,,,,,,,,,,,,,,,
Sub_109,0.9951,0.0049,0.9898,0.0102,0.9932,0.0068,0.9929,0.0071,0.9959,0.0041,0.9898,0.0102,0.9943,0.0057,0.9922,0.0078,0.9908,0.0092,0.9901,0.0099,0.9884,0.0116,0.9924,0.0076,0.9924,0.0076,0.9948,0.0052,0.9816,0.0184,0.9874,0.0126,0.9926,0.0074,0.9855,0.0145,0.9915,0.0085,0.9839,0.0161,0.9812,0.0188,0.9913,0.0087,0.9935,0.0065,0.9890,0.0110,0.9871,0.0129,0.9865,0.0135,0.9905,0.0095,0.9735,0.0265,0.9814,0.0186,0.9924,0.0076,0.9947,0.0053,0.9955,0.0045,0.9909,0.0091,0.9828,0.0172,0.9954,0.0046,0.9892,0.0108,0.9896,0.0104,0.9870,0.0130,0.9906,0.0094,0.9951,0.0049,0.9948,0.0052,0.9967,0.0033,0.9960,0.0040,0.9899,0.0101,0.9922,0.0078,0.9930,0.0070,0.9905,0.0095,0.9937,0.0063,0.9952,0.0048,0.9923,0.0077,0.9960,0.0040,0.9951,0.0049,0.9919,0.0081,0.9892,0.0108,0.9924,0.0076,0.9932,0.0068,0.9936,0.0064,,,,,,,,,,,,,,,,,,,,,,,,,,,,,,,,,,,,,,,,,,,,,,,,,,,,,,,,,,,,,,,,,,,,,,,,,,,,,,,,,,,,,,,,,,,,,,,,,,,,,,,,,,,,,,,,,,,,,,,,,,,,,,,,,,,,,,,,,,,,,,,,,,,,,,,,,,,,,,,,,,,,,,,,,,,,,,,,,,,,,,,,,,,,,,,,,,,,,,,,,,,,,,,,,,,,,,,,,,,,,,,,,,,,,,,,,,,,
Sub_110,0.9963,0.0037,0.9976,0.0024,0.9970,0.0030,0.9956,0.0044,0.9976,0.0024,0.9983,0.0017,0.9974,0.0026,0.9973,0.0027,0.9977,0.0023,0.9979,0.0021,0.9986,0.0014,0.9984,0.0016,0.9988,0.0012,0.9987,0.0013,0.9987,0.0013,0.9985,0.0015,0.9983,0.0017,0.9984,0.0016,0.9987,0.0013,0.9977,0.0023,0.9974,0.0026,0.9978,0.0022,0.9980,0.0020,0.9976,0.0024,0.9977,0.0023,0.9972,0.0028,0.9976,0.0024,0.9981,0.0019,0.9981,0.0019,0.9976,0.0024,0.9981,0.0019,0.9976,0.0024,0.9977,0.0023,0.9968,0.0032,0.9976,0.0024,0.9982,0.0018,0.9984,0.0016,0.9978,0.0022,0.9976,0.0024,0.9981,0.0019,0.9972,0.0028,0.9966,0.0034,0.9973,0.0027,0.9984,0.0016,0.9982,0.0018,0.9975,0.0025,0.9977,0.0023,0.9982,0.0018,0.9985,0.0015,0.9981,0.0019,0.9979,0.0021,0.9973,0.0027,0.9968,0.0032,0.9980,0.0020,0.9982,0.0018,0.9982,0.0018,0.9976,0.0024,0.9984,0.0016,0.9985,0.0015,0.9980,0.0020,0.9980,0.0020,0.9981,0.0019,0.9980,0.0020,0.9969,0.0031,0.9977,0.0023,0.9967,0.0033,0.9963,0.0037,0.9962,0.0038,0.9981,0.0019,0.9982,0.0018,0.9981,0.0019,0.9982,0.0018,0.9982,0.0018,0.9982,0.0018,0.9983,0.0017,0.9985,0.0015,0.9985,0.0015,0.9980,0.0020,0.9985,0.0015,0.9987,0.0013,0.9980,0.0020,0.9976,0.0024,0.9977,0.0023,0.9981,0.0019,0.9964,0.0036,0.9960,0.0040,0.9986,0.0014,0.9984,0.0016,0.9975,0.0025,0.9981,0.0019,0.9978,0.0022,0.9974,0.0026,0.9981,0.0019,0.9974,0.0026,0.9980,0.0020,0.9984,0.0016,0.9977,0.0023,0.9974,0.0026,0.9985,0.0015,0.9982,0.0018,0.9986,0.0014,0.9989,0.0011,0.9985,0.0015,0.9985,0.0015,0.9984,0.0016,0.9981,0.0019,0.9979,0.0021,0.9977,0.0023,0.9982,0.0018,0.9963,0.0037,0.9976,0.0024,0.9974,0.0026,0.9985,0.0015,0.9982,0.0018,0.9980,0.0020,0.9984,0.0016,,,,,,,,,,,,,,,,,,,,,,,,,,,,,,,,,,,,,,,,,,,,,,,,,,,,,,,,,,,,,,,,,,,,,,,,,,,,,,,,,,,,,,,,,,,,,,,,,,,,,,,,,,,,,,,,,,,,,,
Sub_115,0.9976,0.0024,0.9974,0.0026,0.9971,0.0029,0.9975,0.0025,0.9977,0.0023,0.9975,0.0025,0.9972,0.0028,0.9959,0.0041,0.9959,0.0041,0.9972,0.0028,0.9970,0.0030,0.9960,0.0040,0.9963,0.0037,0.9963,0.0037,0.9970,0.0030,0.9979,0.0021,0.9980,0.0020,0.9978,0.0022,0.9978,0.0022,0.9956,0.0044,0.9971,0.0029,0.9940,0.0060,0.9953,0.0047,0.9947,0.0053,0.9956,0.0044,0.9951,0.0049,0.9960,0.0040,0.9962,0.0038,0.9960,0.0040,0.9966,0.0034,0.9957,0.0043,0.9955,0.0045,0.9974,0.0026,0.9963,0.0037,0.9974,0.0026,0.9946,0.0054,0.9941,0.0059,0.9967,0.0033,0.9935,0.0065,0.9948,0.0052,0.9970,0.0030,0.9972,0.0028,0.9982,0.0018,0.9986,0.0014,0.9982,0.0018,0.9984,0.0016,0.9983,0.0017,0.9988,0.0012,0.9977,0.0023,0.9978,0.0022,0.9970,0.0030,0.9973,0.0027,0.9955,0.0045,0.9943,0.0057,0.9964,0.0036,0.9964,0.0036,0.9970,0.0030,0.9968,0.0032,0.9970,0.0030,0.9969,0.0031,0.9952,0.0048,0.9970,0.0030,0.9974,0.0026,0.9976,0.0024,0.9976,0.0024,0.9964,0.0036,0.9984,0.0016,0.9974,0.0026,0.9979,0.0021,,,,,,,,,,,,,,,,,,,,,,,,,,,,,,,,,,,,,,,,,,,,,,,,,,,,,,,,,,,,,,,,,,,,,,,,,,,,,,,,,,,,,,,,,,,,,,,,,,,,,,,,,,,,,,,,,,,,,,,,,,,,,,,,,,,,,,,,,,,,,,,,,,,,,,,,,,,,,,,,,,,,,,,,,,,,,,,,,,,,,,,,,,,,,,,,,,,,,,,,,,,,,,,,,,,,
Sub_122,0.9981,0.0019,0.9983,0.0017,0.9983,0.0017,0.9982,0.0018,0.9987,0.0013,0.9988,0.0012,0.9988,0.0012,0.9988,0.0012,0.9989,0.0011,0.9990,0.0010,0.9989,0.0011,0.9990,0.0010,0.9987,0.0013,0.9988,0.0012,0.9987,0.0013,0.9989,0.0011,0.9987,0.0013,0.9992,0.0008,0.9990,0.0010,0.9987,0.0013,0.9986,0.0014,0.9986,0.0014,0.9986,0.0014,0.9985,0.0015,0.9983,0.0017,0.9990,0.0010,0.9987,0.0013,0.9988,0.0012,0.9988,0.0012,0.9991,0.0009,0.9989,0.0011,0.9989,0.0011,0.9989,0.0011,0.9988,0.0012,0.9985,0.0015,0.9988,0.0012,0.9985,0.0015,0.9980,0.0020,0.9984,0.0016,0.9985,0.0015,0.9982,0.0018,0.9987,0.0013,0.9991,0.0009,0.9991,0.0009,0.9991,0.0009,0.9985,0.0015,0.9988,0.0012,0.9988,0.0012,0.9988,0.0012,0.9987,0.0013,0.9984,0.0016,0.9990,0.0010,0.9984,0.0016,0.9988,0.0012,0.9990,0.0010,0.9989,0.0011,0.9990,0.0010,0.9989,0.0011,0.9986,0.0014,0.9979,0.0021,0.9975,0.0025,0.9982,0.0018,0.9985,0.0015,0.9980,0.0020,0.9986,0.0014,0.9987,0.0013,0.9983,0.0017,0.9988,0.0012,0.9988,0.0012,0.9988,0.0012,0.9988,0.0012,0.9986,0.0014,0.9988,0.0012,0.9988,0.0012,0.9988,0.0012,0.9985,0.0015,0.9986,0.0014,0.9982,0.0018,0.9981,0.0019,0.9985,0.0015,0.9983,0.0017,0.9986,0.0014,0.9986,0.0014,0.9987,0.0013,0.9988,0.0012,0.9987,0.0013,0.9984,0.0016,0.9985,0.0015,0.9981,0.0019,0.9988,0.0012,0.9985,0.0015,0.9981,0.0019,0.9983,0.0017,0.9986,0.0014,0.9989,0.0011,0.9987,0.0013,0.9986,0.0014,0.9986,0.0014,0.9980,0.0020,0.9986,0.0014,0.9981,0.0019,0.9979,0.0021,0.9983,0.0017,0.9984,0.0016,0.9986,0.0014,0.9985,0.0015,0.9984,0.0016,0.9985,0.0015,0.9985,0.0015,0.9987,0.0013,0.9987,0.0013,0.9987,0.0013,0.9985,0.0015,0.9975,0.0025,0.9983,0.0017,0.9984,0.0016,0.9980,0.0020,0.9987,0.0013,0.9986,0.0014,0.9984,0.0016,,,,,,,,,,,,,,,,,,,,,,,,,,,,,,,,,,,,,,,,,,,,,,,,,,,,,,,,,,,,,,,,,,,,,,,,,,,,,,,,,,,,,,,,,,,,,,,,,,,,,,,,,,,,,,
Sub_130,0.9959,0.0041,0.9966,0.0034,0.9930,0.0070,0.9986,0.0014,0.9983,0.0017,0.9952,0.0048,0.9969,0.0031,0.9958,0.0042,0.9954,0.0046,0.9968,0.0032,0.9939,0.0061,0.9952,0.0048,0.9975,0.0025,0.9971,0.0029,0.9974,0.0026,0.9967,0.0033,0.9975,0.0025,0.9981,0.0019,0.9982,0.0018,0.9976,0.0024,0.9977,0.0023,0.9980,0.0020,0.9973,0.0027,0.9976,0.0024,0.9980,0.0020,0.9983,0.0017,0.9982,0.0018,0.9976,0.0024,0.9983,0.0017,0.9984,0.0016,0.9980,0.0020,0.9980,0.0020,0.9977,0.0023,0.9977,0.0023,0.9968,0.0032,0.9986,0.0014,0.9981,0.0019,0.9988,0.0012,0.9966,0.0034,0.9980,0.0020,0.9978,0.0022,0.9987,0.0013,0.9969,0.0031,0.9976,0.0024,0.9981,0.0019,0.9974,0.0026,0.9973,0.0027,0.9984,0.0016,0.9972,0.0028,0.9979,0.0021,0.9980,0.0020,0.9980,0.0020,0.9957,0.0043,0.9972,0.0028,0.9959,0.0041,0.9973,0.0027,0.9980,0.0020,0.9984,0.0016,0.9970,0.0030,0.9981,0.0019,0.9968,0.0032,0.9969,0.0031,0.9976,0.0024,0.9977,0.0023,0.9968,0.0032,0.9973,0.0027,0.9971,0.0029,0.9965,0.0035,0.9947,0.0053,0.9965,0.0035,0.9978,0.0022,0.9980,0.0020,0.9968,0.0032,0.9981,0.0019,0.9969,0.0031,0.9979,0.0021,0.9975,0.0025,0.9986,0.0014,0.9977,0.0023,0.9981,0.0019,0.9984,0.0016,0.9953,0.0047,0.9978,0.0022,0.9978,0.0022,0.9948,0.0052,0.9980,0.0020,0.9975,0.0025,0.9979,0.0021,0.9984,0.0016,0.9978,0.0022,0.9977,0.0023,0.9974,0.0026,0.9982,0.0018,0.9966,0.0034,0.9971,0.0029,0.9978,0.0022,0.9980,0.0020,0.9968,0.0032,0.9984,0.0016,0.9980,0.0020,0.9981,0.0019,0.9985,0.0015,0.9980,0.0020,0.9945,0.0055,0.9985,0.0015,0.9987,0.0013,0.9979,0.0021,0.9972,0.0028,0.9968,0.0032,0.9982,0.0018,0.9978,0.0022,0.9976,0.0024,0.9964,0.0036,0.9971,0.0029,0.9963,0.0037,0.9971,0.0029,0.9978,0.0022,0.9950,0.0050,,,,,,,,,,,,,,,,,,,,,,,,,,,,,,,,,,,,,,,,,,,,,,,,,,,,,,,,,,,,,,,,,,,,,,,,,,,,,,,,,,,,,,,,,,,,,,,,,,,,,,,,,,,,,,,,,,
Sub_132,0.9916,0.0084,0.9881,0.0119,0.9905,0.0095,0.9858,0.0142,0.9878,0.0122,0.9912,0.0088,0.9900,0.0100,0.9898,0.0102,0.9891,0.0109,0.9917,0.0083,0.9872,0.0128,0.9922,0.0078,0.9936,0.0064,0.9901,0.0099,0.9881,0.0119,0.9919,0.0081,0.9943,0.0057,0.9843,0.0157,0.9923,0.0077,0.9896,0.0104,0.9893,0.0107,0.9891,0.0109,0.9860,0.0140,0.9877,0.0123,0.9902,0.0098,0.9887,0.0113,0.9937,0.0063,0.9937,0.0063,0.9916,0.0084,0.9926,0.0074,0.9914,0.0086,0.9830,0.0170,0.9919,0.0081,0.9923,0.0077,0.9778,0.0222,0.9862,0.0138,0.9879,0.0121,0.9809,0.0191,0.9815,0.0185,0.9748,0.0252,0.9858,0.0142,0.9917,0.0083,0.9858,0.0142,0.9881,0.0119,0.9926,0.0074,0.9933,0.0067,0.9583,0.0417,0.9912,0.0088,0.9869,0.0131,0.9811,0.0189,0.9847,0.0153,0.9678,0.0322,0.9946,0.0054,0.9831,0.0169,0.9902,0.0098,0.9900,0.0100,0.9842,0.0158,0.9839,0.0161,0.9850,0.0150,0.9903,0.0097,0.9911,0.0089,0.9926,0.0074,0.9750,0.0250,0.9909,0.0091,0.9853,0.0147,0.9830,0.0170,0.9921,0.0079,0.9927,0.0073,0.9865,0.0135,0.9498,0.0502,0.9914,0.0086,0.9825,0.0175,0.9935,0.0065,0.9955,0.0045,0.9895,0.0105,0.9927,0.0073,0.9890,0.0110,0.9916,0.0084,0.9822,0.0178,0.9896,0.0104,0.9871,0.0129,0.9955,0.0045,0.9875,0.0125,0.9905,0.0095,0.9889,0.0111,0.9863,0.0137,0.9876,0.0124,0.9877,0.0123,0.9898,0.0102,0.9912,0.0088,0.9932,0.0068,0.9636,0.0364,0.9797,0.0203,0.9917,0.0083,0.9923,0.0077,0.9933,0.0067,0.9815,0.0185,0.9893,0.0107,0.9902,0.0098,0.9875,0.0125,0.9828,0.0172,0.9805,0.0195,0.9842,0.0158,0.9896,0.0104,0.9906,0.0094,0.9849,0.0151,0.9839,0.0161,0.9950,0.0050,0.9892,0.0108,0.9849,0.0151,0.9819,0.0181,0.9846,0.0154,0.9915,0.0085,0.9886,0.0114,0.9869,0.0131,0.9875,0.0125,0.9778,0.0222,0.9842,0.0158,0.9917,0.0083,,,,,,,,,,,,,,,,,,,,,,,,,,,,,,,,,,,,,,,,,,,,,,,,,,,,,,,,,,,,,,,,,,,,,,,,,,,,,,,,,,,,,,,,,,,,,,,,,,,,,,,,,,,,,,,,
